Bus Number,Bus Name,Sub ID,Sub Name
40001,A9,3337406571,Ashe
40002,A6,3337406571,Ashe
40003,A8,3337406571,Ashe
40009,ABERDEEN,3337405809,Aberdeen
40011,ABERDN 2,3337405809,Aberdeen
40019,ADDY S,3337405870,Addy
40021,ADDY N,3337405870,Addy
40027,ALBANY,3337406029,Albany
40033,ALCOA,3337406065,Alcoa
40039,ALFALFA,3337406092,Alfalfa
40043,ALLSTN E,3337406167,Allston
40044,ALLSTN W,3337406167,Allston
40045,ALLSTON,3337406167,Allston
40049,ALVEY,3337406231,Alvey
40051,ALVEY,3337406231,Alvey
40058,WNP1,3337406571,Ashe
40059,ASHE,3337406571,Ashe
40060,ASHE F,3337406571,Ashe
40061,ASHE,3337406571,Ashe
40062,ASHE R1,3337406571,Ashe
40063,CGS,3337406571,Ashe
40064,TRS,3337406571,Ashe
40065,ASHE TAP,3337406571,Ashe
40086,BELL S1,3337407193,Bell
40088,BELL S2,3337407193,Bell
40089,DAYMTSPK,,
40090,BELL S3,3337407193,Bell
40091,BELL BPA,3337407193,Bell
40092,BELL S4,3337407193,Bell
40094,ADDBEL11,3353098003,Tap
40095,BELLNGHM,3337407237,Bellingham Division
40096,BELL SC,3337407193,Bell
40099,BENTON,3337407300,Benton
40111,BIG EDDY,3337407430,Big Eddy
40121,BOARD T1,3337407727,Boardman (PGE)
40123,BOARD T2,3337407727,Boardman (PGE)
40129,BOARDMAN,3337407727,Boardman (PGE)
40141,NBONVL E,3337407786,Bonneville
40142,NBONVL W,3337407786,Bonneville
40144,ALFNBO11,,
40145,BOUNDRYE,3337407846,Boundary
40146,BOUNDRYW,3337407846,Boundary
40148,ADDBOU11,3337428144,TAP372
40155,BUCKLEY,3337408209,Buckley
40169,CANBY,3337408606,Canby 2
40171,CANBYTAP,3337408606,Canby 2
40181,CARLTON,3337408757,Carlton
40185,CASCADTP,3337430120,Newberg
40207,CHEHALIS,3337409201,Chehalis
40213,CHEMAWA,3337409209,Chemawa
40219,CHENOWTH,3337409220,Chenoweth
40223,CHIEF J3,3337409315,Chief Joseph
40225,CHIEF J4,3337409315,Chief Joseph
40230,CHIEF J1,3337409315,Chief Joseph
40232,CHIEF J2,3337409315,Chief Joseph
40233,CHIEF JO,3337409315,Chief Joseph
40243,CLATSOP,3337409539,Clatsop
40248,COL FALL E,3337409874,Columbia Falls
40249,COL FALL W,3337409874,Columbia Falls
40261,COLUMBIA N,3337409867,Columbia
40262,COLUMBIA S,,
40267,CONKELLY,3337409954,Con Kelley
40280,COULE PG,3337413746,Grand Coulee
40285,COULEE,3337413746,Grand Coulee
40287,COULEE,3337413746,Grand Coulee
40288,COULE R1,3337413746,Grand Coulee
40291,COULEE19,3337413746,Grand Coulee
40293,COULEE20,3337413746,Grand Coulee
40295,COULEE21,3337413746,Grand Coulee
40296,COULEE22,3337413746,Grand Coulee
40297,COULEE23,3337413746,Grand Coulee
40298,COULEE24,3337413746,Grand Coulee
40302,COVINGT4,3337410205,Covington
40303,COVINGTW,3337410205,Covington
40304,COVINGTE,3337410205,Covington
40306,COVINGT5,3337410205,Covington
40307,COWFALLS,3337410221,Cowlitz Falls
40319,CUSICK,3337410469,Cusick
40321,CUSTER W,3337410472,Custer
40322,CUSTER E,3337410472,Custer
40323,CUSTER W,3337410472,Custer
40345,DETROIT,3337410875,Detroit
40348,DIXON MV,3342617491,Dixon
40355,DRISCOLL,3337411162,Driscoll
40357,DRISCOLT,3337411162,Driscoll
40369,DWORSHAK,3337411304,Dworshak
40373,E OMAK,3337411468,East Omak
40375,E SPRING,3337423974,Springfield
40381,ECHOLAKE,3337411565,Echo Lake
40403,FAIRMONT,3337412085,Fairmount
40409,FAIRVIEW,3337412090,Fairview
40410,FAIRVEW2,3337412090,Fairview
40421,FLATHEAD,3337412334,Flathead
40443,FRANKLIN,3337412618,Franklin
40451,GAR1EAST,3337413294,Garrison
40453,GAR2EAST,3337413294,Garrison
40457,GARRISON,3337413294,Garrison
40458,ANA BPA,3337406299,Anaconda Mill Creek
40459,GARRISON,3337413294,Garrison
40487,GREENVLT,3337413928,Green Valley
40488,GRIZZ R3,3337414038,Grizzly Power
40489,GRIZZLY,3337414038,Grizzly Power
40490,BUCGRI11,25000019,Greenbry
40499,HANFORD,3337414242,Hanford
40500,COUHAN11,3337413746,Grand Coulee
40505,HAPPY V,3337414273,Happy Valley
40511,HARVALUM,3337414395,Harvalum
40513,HASKILL,3337414409,Haskill
40519,HATWAI,3337414433,Hatwai
40521,HATWAI,3337414433,Hatwai
40531,HEW 2,30004101,Hew
40533,HEW 2 TP,30004101,Hew
40537,HIL TOP,3337414741,Hilltop
40549,HORSE HV,3337414923,Horse Heaven
40551,HOT SPR,3337414947,Hot Springs
40553,HOT SPR,3337414947,Hot Springs
40557,HUNGRY H,3337415035,Hungry Horse
40573,INTALCO,3337415252,Intalco
40584,JOHN DAY,3337415584,John Day Ph
40585,JOHN DAY,3337415584,John Day Ph
40588,GRIJOH11,3337414038,Grizzly Power
40591,GRIJOH12,3337414038,Grizzly Power
40592,GRIJOH21,3337415779,Keeler
40593,GRIJOH22,3337415779,Keeler
40598,KEELER E,,
40599,KEELER W,3337415779,Keeler
40601,KEELER,3337415779,Keeler
40613,KITSAP,3337416058,Kitsap
40615,KITSAP 2,3337416058,Kitsap
40621,LAGRANDE,3352749979,LaGrande
40624,LANCASTR,3337416431,Lancaster
40626,BELLAN11,3337407193,Bell
40627,LANE,3337416446,Lane
40629,LANE,3337416446,Lane
40635,LAPINE,3337416186,La Pine
40651,LEXINGTN,3337416735,Lexington
40657,LIBBY,3337416752,Libby - USCEPD
40664,CEN FERY,Found Sub,Central Ferry
40665,LIT GOOS,3337416875,Little Goose
40666,CEN FERY,Found Sub,Central Ferry
40671,LONGVIEW,3337417029,Longview
40672,LONGVANX,3337417029,Longview
40673,LONGVW T,3337417029,Longview
40679,LOW GRAN,3337417159,Lower Granite
40683,LOW MON,3337417166,Lower Monumental
40684,MALIN R1,3337417425,Malin
40685,MABTON,3337417302,Mabton
40686,SPRINGCK,32008906,Spring Creek
40687,MALIN,3337417425,Malin
40688,MALIN R3,3337417425,Malin
40689,MAPLE V3,3337417523,Maple Valley
40691,MAPLE VL,3337417523,Maple Valley
40692,MAPLEV12,3337417523,Maple Valley
40693,MAPLE VL,3337417523,Maple Valley
40699,MARION,3337417576,Marion
40700,GRIMAL21,3337414038,Grizzly Power
40701,MARTINTP,3337417639,Martin Creek
40702,GRIMAL22,3337414038,Grizzly Power
40704,GRIMAL23,3337417425,Malin
40705,MARTN CR,3337417639,Martin Creek
40706,GRIMAL24,3337417425,Malin
40708,GRIMAL25,3337414038,Grizzly Power
40709,MAUPIN,3337417718,Maupin
40710,GRIMAL26,3337414038,Grizzly Power
40711,ECHMAP11,3337417861,Mcloughlin
40712,ECHMAP12,3337417523,Maple Valley
40714,ALVMAR11,3337406231,Alvey
40716,ASHMAR21,3337406571,Ashe
40718,ASHMAR22,3337406571,Ashe
40719,ASHMAR23,3337406571,Ashe
40720,BUCMAR11,3337408209,Buckley
40721,MCNARY,3337417877,McNary
40722,JOHMAR11,3337415584,John Day Ph
40723,MCNARY,3337417877,McNary
40747,MONROE,3337418498,Monroe
40749,MONROE,3337418498,Monroe
40750,CHIMON11,3337409315,Chief Joseph
40751,MONROE T,3337418498,Monroe
40752,CUSMON11,3337410472,Custer
40754,CUSMON21,3337410472,Custer
40767,MURRAY,3337418877,Murray
40774,NAPAVINE,3353097789,Napavine
40787,NOXONBPA,3337419718,Noxon Rapids
40788,LANNOX11,3337416431,Lancaster
40792,OLY W,3337419946,Olympia
40793,OLYMPIA,3337419946,Olympia
40794,OLY E,3337419946,Olympia
40795,OLYMPIA,3337419946,Olympia
40796,LIBNOX11,3337419718,Noxon Rapids
40797,OLYMPIA,3337419946,Olympia
40798,COUOLY11,3337419946,Olympia
40800,COUOLY12,3337419946,Olympia
40802,COUOLY13,3337419946,Olympia
40804,COUOLY14,3337419946,Olympia
40809,OSTRNDER,3337420092,Ostrander
40810,OSTRNDER,3337420092,Ostrander
40813,PARKDALE,3337420356,Parkdale
40821,PAUL,3337420435,Paul
40824,PEARL E,3337420488,Pearl
40826,PEARL W,3337420488,Pearl
40827,PEARL,3337420488,Pearl
40834,PONDROSB,3337421061,Ponderosa
40836,PONDROSN,3337421061,Ponderosa
40837,PONDROSA,3337421061,Ponderosa
40838,PONDROSS,3337421061,Ponderosa
40839,PORT AN2,3337421090,Port Angeles
40845,PORT ANG,3337421090,Port Angeles
40851,POTHOLES,3337421174,Potholes
40867,RATTLE S,3337421603,Rattlesnake Switchyard
40869,RAVER,3337421613,Raver
40875,RDMND_E,3337427914,Redmond
40876,RDMND_W,3337427914,Redmond
40881,RESTN TP,3337421788,Reston
40883,RESTON,3337421788,Reston
40891,ROCKY RH,3337422187,Rocky Reach
40892,MAPROC11,3337422187,Rocky Reach
40895,ROGUE,3337422206,Rogue
40896,FAIROG11,3337412090,Fairview
40899,ROSS,3337422285,J.D. Ross
40901,ROSS,3337422285,J.D. Ross
40902,MCNROS11,3337417877,McNary
40904,MCNROS12,3337422285,J.D. Ross
40905,ROUNDUP,3337422319,Roundup
40909,SACHEEN,3337422525,Sacheen
40913,SACJAWEA,3337422524,Sacajawea
40917,SACJWA T,3337422524,Sacajawea
40923,SALEM,3337422637,Salem
40937,SANT TAP,3337422861,Santiam
40939,SANTIAM,3337422861,Santiam
40940,CHESAN11,3337422861,Santiam
40941,SANTIAM,3337422861,Santiam
40947,SATSOP,3337422900,Satsop
40949,SATSOP,3337422900,Satsop
40957,SCHULTZ,3337422960,Schultz
40958,COUSCH11,3337422960,Schultz
40960,COUSCH12,3337422960,Schultz
40961,COUSCH21,3337422960,Schultz
40962,COUSCH22,3337422960,Schultz
40963,HRTAP MS,30004298,Horseranch
40964,ECHSCH11,3337411565,Echo Lake
40966,ECHSCH12,3337411565,Echo Lake
40970,ECHSCH13,3337422960,Schultz
40971,SHELTON,3337423244,Shelton
40972,RAVSCH11,3337421613,Raver
40973,SICKLER,3337423346,Sickler
40974,RAVSCH12,3337422960,Schultz
40975,SIFT TP1,3337423364,Sifton
40976,RAVSCH31,3337423081,Selle
40977,SIFT TP2,3337423364,Sifton
40978,RAVSCH41,3337423081,Selle
40981,SIFTON 1,3337423364,Sifton
40983,SIFTON 2,3337423364,Sifton
40986,SLATT,3337423497,Slatt
40987,SILVR CK,3337423386,Silver Creek
40989,SLATT,3337423497,Slatt
40993,SNOHOMS3,3337423568,Snohomish
40994,SNOHOMS4,3337423568,Snohomish
40996,BUCSLA11,3337423568,Snohomish
40997,CHISNO31,,
40998,CHISNO41,,
41001,SNOK TAP,3337423567,Sno-king
41004,SNOK S1,3337423567,Sno-king
41005,MAPSNO21,3337423567,Sno-king
41006,SNOK S2,3337423567,Sno-king
41007,SNOKING,3337423567,Sno-king
41008,SNOK S3,3337423567,Sno-king
41016,MAPSNO22,3337423567,Sno-king
41020,MAPSNO11,3337423567,Sno-king
41021,ST JOHNS,3337424074,St. Johns
41022,MAPSNO12,,
41043,SUMMER L,3337424493,Summer Lake
41044,MALSUM11,3337424493,Summer Lake
41046,MALSUM12,3337424493,Summer Lake
41048,PONSUM11,3337421061,Ponderosa
41049,TACOMA N,3337424717,Tacoma
41050,TACOMA S,3337421061,Ponderosa
41051,TACOMA,3337424717,Tacoma
41052,PONSUM12,3337424493,Summer Lake
41053,S TACOMA SS,3337424717,Tacoma
41054,PONSUM13,3337424493,Summer Lake
41055,S TACOMA,3337424717,Tacoma
41056,PONSUM14,3337424717,Tacoma
41057,TAFT,3337424728,Taft
41058,RAVTAC11,3337424717,Tacoma
41060,RAVTAC12,3337424728,Taft
41061,TAHKNICH,3337424732,Tahkenitch
41062,BELTAF11,3337411304,Dworshak
41064,DWOTAF11,3337424728,Taft
41066,DWOTAF12,3337413294,Garrison
41068,GARTAF11,3337424728,Taft
41070,GARTAF12,3337413294,Garrison
41072,GARTAF21,3337413294,Garrison
41074,GARTAF22,3337407118,Beaver
41075,TILLAMOK,3337429041,Tillamook
41079,TMBLCR T,3337429371,Tumble Creek
41083,TOLEDO,3337429118,Toledo
41091,TROUT CR,3342617588,Trout Creek
41092,TROUTD E,3337429325,Troutdale
41094,TROUTD W,3337429325,Troutdale
41095,TROUTDAL,3337429325,Troutdale
41111,VANTAGEN,3337431517,Vantage
41112,VANTAGES,3337431517,Vantage
41113,VANTAGE,3337431517,Vantage
41135,WARNER,3337431926,Warner
41138,WAUTOMA,3337432067,Wautoma
41141,WENDSON,3337432181,Wendson
41149,WHITE BL,3337432470,White Bluffs
41155,CASCADSTL,3337432684,Windishar
41156,CASCAS11,3337430120,Newberg
41161,WOODLAND,3337424647,Swift
41165,WREN,3352750245,Wren
41275,WESTBPA1,3337418854,Munro BPA System Control Center
41276,WESTBPA2,3337418854,Munro BPA System Control Center
41291,WINECTRY,32000255,Sulphur
41311,CELILO1,3337408977,Celilo Dc Converter Station
41312,CELILO2,3337408977,Celilo Dc Converter Station
41313,CELILO3,3337408977,Celilo Dc Converter Station
41314,CELILO4,3337408977,Celilo Dc Converter Station
41321,MARC SW2,30004107,Marcola
41327,SNOH S1,3337423568,Snohomish
41328,SNOH S2,3337423568,Snohomish
41329,SNOH S3,3337423568,Snohomish
41330,SNOH S4,3337423568,Snohomish
41341,BIGEDDY1,3337407430,Big Eddy
41342,BIGEDDY2,3337407430,Big Eddy
41343,BIGEDDY3,3337407430,Big Eddy
41344,BIGCEL31,3337407430,Big Eddy
41345,BIGCHE11,3337407430,Big Eddy
41346,MIDWAYB1,3337418164,Midway
41347,MIDWAYB2,3337418164,Midway
41348,MIDWAYB3,3337418164,Midway
41349,BIGCHE12,3337407430,Big Eddy
41350,BIGCEL41,3337407430,Big Eddy
41351,MCNRY S1,3337417877,McNary
41352,MCNRY S2,3337417877,McNary
41353,MCNRY S3,3337417877,McNary
41356,COULEES1,3337413746,Grand Coulee
41357,COULEES2,3337413746,Grand Coulee
41358,COULEES3,3337413746,Grand Coulee
41359,BELCOU51,3337407193,Bell
41401,ROCK CK,32008950,Rock Creek
41402,ROCK CK,32008950,Rock Creek
41450,KNIGHT,Found on WECC map,Knight
41451,OSTKNI11,Found on WECC map,Knight
41452,OSTKNI12,Found on WECC map,Knight
41739,COULEE19,3337413746,Grand Coulee
41740,COULEE20,3337413746,Grand Coulee
41741,COULEE21,3337413746,Grand Coulee
41742,COULEE22,3337413746,Grand Coulee
41743,COULEE23,3337413746,Grand Coulee
41744,COULEE24,3337413746,Grand Coulee
41751,COUL0105,3337413746,Grand Coulee
41752,COUL0609,3337413746,Grand Coulee
41753,COUL1013,3337413746,Grand Coulee
41754,COUL1418,3337413746,Grand Coulee
42100,SEDRO,3337423057,Sedro Woolley
42102,SEDBEL11,3337423057,Sedro Woolley
42103,SEDRO NT,3337423057,Sedro Woolley
42104,MARCH PT,3337417544,March Point Cogeneration Compa
42113,FREDONIA,3337412666,Fredonia (PSPL)
42300,SAMMAMSH,3337422702,Sammamish
42304,NOVELTY,30004496,Novelty
42306,MONNOV11,30004496,Novelty
42312,CASCADEP,3337408843,Cascade
42318,SAMMSH W,3337422702,Sammamish
42319,SAMMSH E,3337422702,Sammamish
42320,HORSRNCH,30004298,Horseranch
42321,HRNCHTAP,30004298,Horseranch
42324,HORHRT11,30004298,Horseranch
42361,WIND RDG,32008920,Wind Ridge
42363,WLD HORS,3337432576,Wild Horse Project
42373,POISN SP,Found Road,Poison Spring
42374,SCHNEBLY,Found Coulee,Schnebly
42412,KLAHANIE,30004132,Klahanie
42417,KLASAM11,30004132,Klahanie
42500,TALBOT N,3337424742,Talbot
42501,TALBOT S,3337424742,Talbot
42503,OBRIEN,3337419754,O'Brien
42505,CHRISTOP,3337409381,Christopher
42507,BERYDALE,3353097805,Berrydale
42568,BALDI,30004129,Baldi
42700,WHITE RV,3337432490,White River (PSPL)
42703,S TWHI11,3337424717,Tacoma
42802,ST CLAIR,,
42811,OLYST 11,,
42812,S TST 11,,
42900,S.BREM,3337423685,South Bremerton
42903,S.BSHE11,3337423244,Shelton
42987,PHALEN G,Found Sub,Phalen Gulcn
42991,DODGE JN,Found Junction Town,Dodge Junction
43017,BEAVER,3337407116,Beaver
43021,BEAVER,3337407116,Beaver
43039,BETHEL,3337407368,Bethel (PGE)
43040,BETSAN11,3337422861,Santiam
43047,BOARD F,3337407727,Boardman (PGE)
43049,BOARD F,3337407727,Boardman (PGE)
43089,CARVER,3337408830,Carver
43123,COYOTE,3337410234,Coyote Springs
43215,GRESHAM,3337414013,Gresham
43229,HARBORTN,3352750170,Harorton
43291,LINNEMAN,30004005,Linneman
43313,MCLOUGLN,3337417861,Mcloughlin
43314,MCLOUGE5,3337417861,Mcloughlin
43317,BIGMCL11,3337407430,Big Eddy
43320,BIGMCL12,3337407430,Big Eddy
43322,BIGMCL13,3337417861,Mcloughlin
43329,MONITOR,30004008,Monitor
43348,MURRAY H,3352750182,Murryhill
43409,PELTON,3337420530,Pelton
43459,RIVRGATE,3337421994,Rivergate
43482,ROUNDB S,3337422305,Round Butte
43483,ROUNDB N,3337422305,Round Butte
43485,ROUND BU,3337422305,Round Butte
43527,SHERWOOD,3337423288,Sherwood
43528,PEASHE11,3337420488,Pearl
43530,PEASHE12,3337420488,Pearl
43541,ST MARYS,3337424093,St. Marys
43597,TROJAN,3337429314,Trojan
43599,TROJAN 1,3337429314,Trojan
43600,SPRNGVIL,25000149,Springville
43601,TROJAN 2,3337429314,Trojan
43685,BLUELAKE,30004006,Blue Lake
43740,HORIZN,3352750211,Sunset
43773,PEARL #,3337420488,Pearl
43905,PORTW G1,3337421123,Port Of Washington
43909,PORTW,3337421123,Port Of Washington
44014,BON PH1,3337407786,Bonneville
44015,BON PH2,3337407786,Bonneville
44016,BON PH3,3337407786,Bonneville
44017,BON PH4,3337407786,Bonneville
44057,TDA PH3,3337428918,The Dalles Ph
44058,TDA PH4,3337428918,The Dalles Ph
44059,TDA PH5,3337428918,The Dalles Ph
44060,TDA PH6,3337428918,The Dalles Ph
44071,JDA 0102,3337415584,John Day Ph
44072,JDA 0304,3337415584,John Day Ph
44073,JDA 0506,3337415584,John Day Ph
44074,JDA 0708,3337415584,John Day Ph
44075,JDA 0910,3337415584,John Day Ph
44076,JDA 1112,3337415584,John Day Ph
44077,JDA 1314,3337415584,John Day Ph
44086,JDA PH1,3337415584,John Day Ph
44087,JDA PH2,3337415584,John Day Ph
44088,JDA PH3,3337415584,John Day Ph
44089,JDA PH4,3337415584,John Day Ph
44122,MCN PH1,3337417877,McNary
44123,MCN PH2,3337417877,McNary
44124,MCN PH3,3337417877,McNary
44125,MCN PH34,3337417877,McNary
44126,MCN PH4,3337417877,McNary
44127,MCN PH5,3337417877,McNary
44162,CHJ PH1,3337409315,Chief Joseph
44163,CHJ PH2,3337409315,Chief Joseph
44164,CHJ PH3,3337409315,Chief Joseph
44165,CHJ PH4,3337409315,Chief Joseph
44166,CHJ PH5,3337409315,Chief Joseph
44167,CHJ PH6,3337409315,Chief Joseph
44200,LIB PH1,3337416751,Libby - PACIF
44201,LIB PH2,3337416751,Libby - PACIF
44211,LGS 0102,3337416876,Little Goose Ph
44212,LGS 0304,3337416876,Little Goose Ph
44217,LGS PH1,3337416876,Little Goose Ph
44231,LWG 0102,3337417159,Lower Granite
44232,LWG 0304,3337417159,Lower Granite
44237,LWG PH1,3337417159,Lower Granite
44251,LMN 0102,3337417166,Lower Monumental
44252,LMN 0304,3337417166,Lower Monumental
44257,LMN PH1,3337417166,Lower Monumental
44276,BETTASRD,3337416063,Kittitas Valley Wind Power Project
44284,LONGHORN,,
44285,LONGHORN,,
44286,JRDNB TP,,
44287,JRDNB 1,,
44856,FPL2HT,3337424189,Stateline Wind Project - Washington
44860,MARENGO2,3349561030,Marengo Wind Project
44894,WHTSTNE,,
44900,DIXNV230,3337411001,Dixonville
44911,MARENGO,3349561030,Marengo Wind Project
44912,TALBOT,3349561030,Marengo Wind Project
44995,NICKLMTN,3337414255,Hanna
44996,HANNATAP,3337414255,Hanna
45025,BOYLE,3337415400,J.C. Boyle
45029,BURNS,3337408315,Burns
45030,BURSUM11,3337408315,Burns
45031,CALAPOYA,3337408462,Calapooya
45035,CAPTJACK,3337408690,Captain Jack
45040,CAPPON11,3337408690,Captain Jack
45041,CAPPON12,3337408690,Captain Jack
45042,CAPPON13,3337408690,Captain Jack
45043,CAPPON14,3337408690,Captain Jack
45044,CAPPON15,3337408690,Captain Jack
45046,CAPPON16,3337408690,Captain Jack
45047,CHILQUIN,3337409332,Chiloquin
45048,CHILAP11,3337409332,Chiloquin
45051,COLD SPR,3337409756,Cold Springs
45063,COPCO,3341136831,Copco 1
45075,DALREED,3337410535,Dalreed
45089,DIA HILL,3337427366,Diamond Hill
45093,DIXONVLE,3337411001,Dixonville
45095,DIXONVLE,3337411001,Dixonville
45096,ALVDIX11,3337411001,Dixonville
45103,HURICANE,3352749973,Hurricane
45111,FRY,3337413143,Fry
45113,GLENDL,3337413533,Glendale
45123,GRANT PS,3337413829,Grants Pass
45128,COVE 230,3337410194,Cove
45129,HAT ROCK,3337414421,Hat Rock
45137,HERMISTN,3337414608,Hermiston Power Project
45153,ISTHMUS,3337428270,Isthmus
45160,DR E TP,3337410535,Dalreed
45161,KLAFALLS,3341136828,COB Energy Facility
45162,DR W TP,3337410535,Dalreed
45183,LONEPINE,3337417000,Lone Pine
45189,MALIN,3337417425,Malin
45195,MERIDINP,3337418010,Meridian
45197,MERIDINP,3337418010,Meridian
45199,DIXMER11,3337418010,Meridian
45229,OUTLOOK,3337420132,Outlook
45239,PILOTBT,3337420757,Pilot Butte
45245,POMONA H,3337420273,Pamona Heights
45262,KFALLS,3341136828,COB Energy Facility
45287,SWIFT 1,3337424647,Swift
45301,TROUTPP1,3337429325,Troutdale
45303,TROUTPP2,3337429325,Troutdale
45317,UNIONGAP,3337429530,Union Gap
45327,WALAWALA,3337427717,Walla Walla
45331,WALLULA,3337427736,Wallula
45334,HURWAL11,3337427717,Walla Walla
45543,SWIFT 2,3337424647,Swift
45588,PARISHGP,25000918,Parish Gap
46001,ANC LK T,3353098173,Ancient Lake
46005,ANCIENTL,3353098173,Ancient Lake
46041,MAE VL,3353098178,Mac Valley
46043,MAE VL T,3353098178,Mac Valley
46044,GENEVA,,
46045,MATTAWA,30004092,Mattawa
46065,PRIEST R,3337421284,Priest Rapids
46066,PRIESTR1,3337421284,Priest Rapids
46069,PRIESTR2,3337421284,Priest Rapids
46089,SANDUNES,3337422782,Sand Dunes
46113,PRIEST T,3337421284,Priest Rapids
46143,SILICON,25000910,Silicon
46144,SILIC TP,25000910,Silicon
46151,LARSON,3337416493,Larson
46152,MCDONALD,3337417812,McDonald
46156,ROCKYFD,3337422176,Rocky Ford
46157,WHEELSWD,3337432446,Wheeler
46158,SIELER,3353098122,Sieler
46159,UPPER C,3353098139,Upper Coulee
46160,WHEELERG,3337432446,Wheeler
46161,BK SANDS,3353098171,Black
46162,BKSAND T,3353098171,Black
46163,WAHLUKE,3337431797,Wahluke (GP)
46164,FRENCHMN,3337412707,Frenchman Hills (USBR)
46165,PRIESTRT,3337421284,Priest Rapids
46166,POTHOLEG,3337421174,Potholes
46169,WANAPUM,3337431892,Wanapum
46289,QUINCYPLA,,
46291,MCKEN TP,3352749856,McKenzie
46293,MCKENZEW,3352749856,McKenzie
46298,WQUINCYT,,
46299,NQUINCYT,,
46300,ROCKYFDG,,
46311,WANAPH1,,
46312,WANAPH2,,
46313,WANAPH3,,
46403,BOTHELL,3337407825,Bothell
46404,BOTSNO11,3337423567,Sno-king
46405,BOTSNO21,3337407825,Bothell
46406,BOTSNO21,3337407825,Bothell
46407,BOTSAM11,3337422702,Sammamish
46408,BOTHRN11,30004298,Horseranch
46415,CRESTON,3337410309,Creston
46416,COVCRE11,3337410205,Covington
46417,DELRIDGE,3337410784,Delridge
46421,DIABLO,3337410919,Diablo
46423,DUWAMISH,3337411301,Duwamish
46424,COVDUW11,3337410205,Covington
46426,DUWMAP11,3337411301,Duwamish
46427,EASTPINE,3337411547,Eastpine
46431,GORGE,3337413681,Gorge (SCL)
46435,MASS,3337417690,Massachusetts
46445,SOUTH,3337423666,South
46460,ROSS 44,3337422288,Ross Dam
46461,ROSS 42,3337422288,Ross Dam
46463,NORTHMTN,3337419562,North Mountain
46465,NORSNO11,3337419562,North Mountain
46476,BOUNDPH1,3337407846,Boundary
46478,BOUNDPH2,3337407846,Boundary
46480,BOUNDPH3,3337407846,Boundary
46482,BOUNDPH4,3337407846,Boundary
46484,BOUNDPH5,3337407846,Boundary
46486,BOUNDPH6,3337407846,Boundary
46609,COWLITZ,3337410218,Cowlitz
46625,MAYFIELD,3337417739,Mayfield
46629,MOSSYRK,3337418728,Mossyrock
46630,MOSSYRCK,3337409201,Chehalis
46633,CANYONTA,4.00381E+12,Canyon Rd-Tacoma (evi)
46634,CHEMOS11,3337418728,Mossyrock
46642,S_TAC-SW,3337423849,Southwest
46645,SOUTHWST,3337423849,Southwest
46809,MCKENZIE,3353098186,McKenzic
46831,ROCKYRH1,3337422187,Rocky Reach
46832,ROCKYRH2,3337422187,Rocky Reach
46833,ROCKYRH3,3337422187,Rocky Reach
46852,ROCR0102,3337422187,Rocky Reach
46853,ROCR0304,3337422187,Rocky Reach
46854,ROCR0506,3337422187,Rocky Reach
46855,ROCR0709,3337422187,Rocky Reach
46856,ROCR1011,3337422187,Rocky Reach
46860,AYORK230,Sub2000002,Andrew York
47031,DOUGLAS,3337411112,Douglas
47049,GLENOMA,3353097684,Glenoma
47082,RAPIDS,3353098074,Tap
47091,USK,3337431401,Usk
47096,CUSUSK11,3337410469,Cusick
47100,WELLS B1,3337432169,Wells (DOPD)
47102,WELLS B2,3337432169,Wells (DOPD)
47260,WAUNA,3337432057,Wauna
47284,MARCOLA,30004107,Marcola
47329,EECLOUSE,3352750395,Goodnoe Hills East
47359,LION MTN,3477941,Lion Mountain
47360,TRUMB CR,3337429337,Trumble Creek
47367,LAKESD F,32008880,Lakeside
47380,LINDEN T,No idea,Linden
47381,LINDEN,No idea,Linden
47386,JNPRC 1,No idea,Juniper
47439,NORPAC,No idea,Norpac
47440,HYCOM,No idea,Norpac
47441,CHEMICAL,3337417029,Longview
47465,DOOLEY T,3356868812,Windy Point/Tuolumne
47486,GOLDEN_H,3352750394,Golden Hills Wind Farm
47572,NINEMIF2,3337424189,Stateline Wind Project - Washington
47578,FREDST,3353097497,Frederickson (PSPL)
47595,GRYSHBR1,3337413854,Grays Harbor Energy Facility
47598,GRYHB S1,3337413854,Grays Harbor Energy Facility
47638,HERMCALP,3337414608,Hermiston Power Project
47677,MINTFARM,3337417033,Mint Farm Energy Center LLC
47731,BHP,3337409051,Centralia Switching Station
47740,CENTR G1,3337409051,Centralia Switching Station
47741,CENTR P1,3337409051,Centralia Switching Station
47744,CENTR G2,3337409051,Centralia Switching Station
47745,CENTR P2,3337409051,Centralia Switching Station
47748,CENTR SS,3337409051,Centralia Switching Station
47814,JONESCYN,32008816,Jones Canyon
47815,JONTMB11,3337429371,Tumble Creek
47819,BIGHRN,3337407440,Big Horn Wind (PPM)
47822,IMRIE,3337413640,Goodnoe
47823,ENRGZR T,3356868812,Windy Point/Tuolumne
47824,WILLIS T,3356868812,Windy Point/Tuolumne
47827,WHITE CK,3337432474,White Creek Wind Project
47830,KLONDSCH,3337416080,Klondike Wind Farm
47831,HCAYON T,3337416080,Klondike Wind Farm
47844,BIGLWCYN,3340406598,Biglow Canyon Wind
47849,SHPD FLT,3349561028,Shepherds Flat Wind Farm
47855,STRPT 1,3337416080,Klondike Wind Farm
47857,MILLRA S,64000007,Miller
47858,HARVST W,3337432474,White Creek Wind Project
47860,N HRLBRT,3349561028,Shepherds Flat Wind Farm
47861,S HRLBRT,3349561028,Shepherds Flat Wind Farm
47862,HSHUB,3349561028,Shepherds Flat Wind Farm
48025,BEACON N,3337407067,Beacon (Spokane)
48031,BEACON S,3337407067,Beacon (Spokane)
48037,BENEWAH,3337407283,Benewah
48059,CAB GORG,3337408422,Cabinet Gorge
48179,LAKEVIEW,3337416353,Lake View
48197,LOLO,3337416974,Lolo
48249,MOSCOW,3337418713,Moscow
48255,N LEWIST,3337418960,N. Lewiston
48281,NOXON,3337419718,Noxon Rapids
48289,NOXONCON,3337419718,Noxon Rapids
48317,PINE CRK,3337420777,Pine Creek
48357,RATHDRUM,3353098165,Rathdrum Power LLC
48385,SHAWNEE,3337423199,Shawnee
48432,THORNTON,,
48443,VANT AVA,3337431517,Vantage
48451,WALA AVA,3337427717,Walla Walla
48463,WEST,3337418854,Munro BPA System Control Center
48512,DRYCREEK,3337411184,Dry Gulch
48524,BOULDER,3337407839,Boulder Park
48863,PALOUSE_WIND,,
50206,CUSING11,3337410472,Custer
50208,CUSING21,3337410472,Custer
